Metabolite,G_SD_exp,G_SD_stat,GX_SD_exp,GX_SD_trans,GX_SD_stat,X_SD_exp,X_SD_stat,A_SD_exp,A_SD_stat,C_SD_exp,C_SD_stat,C_SD_exp (extracellular),C_SD_stat (extracellular)
protocatechuic acid,,,,,,,,,,128833.3333,297739.3333,2975456.667,1248954.333
4-hydroxybenzoic acid,,,,,,,,,,269115,760120.3333,56992260.33,128111535
"1,3-dihydroxyacetone",725752.4333,1099119.6,668972.5,1085701.533,1122557.233,844663.5333,450209.3667,1312697.967,940315.3,5178188.9,1141823.467,,
2-furoic acid,3806.866667,2083.566667,2010192.267,2091563.233,2019684.567,3348644.533,319464.4667,4405.766667,0,0,0,,
2-hydroxycinnamic acid,0,0,0,0,0,0,0,0,0,588947.8,174977.8,,
2-hydroxyglutaric acid,1263780.367,292643.1667,2006108.1,447403.6667,313812.3333,518829.9667,155635.1333,1741741.733,1116572.1,1748418.667,5091239.767,,
2-hydroxypyridine,2461247.2,2061516.133,2488706.4,2591032.333,2623808.5,3550294.4,3498958.367,3382772.667,3412124,3399459.133,2532609.133,,
2-isopropylmalic acid,1653646.433,1905518,1404016.9,3160286.733,1971856.733,1318629.233,655403.9,441699.3,352036.3667,430931.4333,922029.6333,,
2-keto-gluconic acid,1223994.9,1821104.2,1090917.033,3192843.867,2951926.633,2967650.5,1474005.367,21322255.2,10929837.43,245002.5667,291250.9667,,
2-phosphoglyceric acid,119476.7333,616848.6,138860.1333,859423.0667,411025.9,1347385.033,285223.6,1093427.1,461113.9667,47309.6,195919.6,,
"2,5-dihydroxy pyrazine*",1466699.733,1052449.5,1398515.867,1129146,1273768.767,870408.2,1110573.467,1512502.067,1172270.467,491185.3,380975.7667,,
3-(4-hydroxyphenyl)propionic acid,0,0,0,0,0,0,0,0,0,166882.4,160845.5333,,
3-aminoisobutyric acid,41392.16667,80551.23333,26951.36667,8352.933333,35484.53333,25520.73333,46217.3,11810.86667,38874.9,15681.9,17050.2,,
3-hydroxy-3-methylglutaric acid,271409.1333,556949.3,203760.0667,662665.4667,670705,334486.6333,701846.2667,328692.4333,545118.9333,563407.8333,1052841.1,,
3-hydroxyisobutyric acid,174530.4333,222584.9333,197391.0667,419456.1667,298576.1333,646531.3667,65547.83333,123308.8,55062.2,146254.3,186607.0667,,
3-hydroxyisovaleric acid*,463511.9667,3371055.467,415144.0333,4724355.5,3140012.767,256527.6333,255394.8333,343861.2667,189267.5333,281398.3333,958286.9667,,
3-indolelactic acid,720998.9667,2041028.967,591873.9333,4405145.667,3192186.5,4564807.933,2161179.367,4882539.067,2005595.7,497765.7333,149615.0333,,
3-phosphoglyceric acid,66297.73333,131262.8333,55337.43333,144985.8,192036.9,159993.1,109968.6333,119138.1667,96053.9,52980.7,99239.6,,
4-aminobutanoic acid,22703944.03,7106673.067,23547537.47,21189239.37,24634219.23,21820065.23,11853650.83,22592924.73,13729165.23,2471811.133,6638696.167,,
4-hydroxycinnamic acid (pCA),0,0,0,0,0,0,0,0,0,18995999.73,17360653.53,,
aconitic acid,155420.4,222504.9667,1207104.833,9647499.9,19352452.1,27041082.6,138255.2333,3725088.967,142219.8,158709.5667,206981.8333,,
aminomalonic acid,251657,209968.3667,219107.5667,133775.1333,177339.4,80393.16667,199837.9333,98499.06667,235967.6667,247253.8,292575.2333,,
arabitol,456486.6667,389120.8333,980797.5,3946938.167,2843275,3450115.5,165620.1333,4318459.2,1490916.067,588123.5667,586880.3333,,
benzoic acid,47429.56667,175844.2333,147346.4667,190801.1667,169201.3333,100715.9333,177260.6333,116245.1333,156094.9333,35095.26667,87138.73333,,
carbonate ion,9698365.067,9529883.4,10224734.27,5017108.833,6205102.967,5326144.567,9076466.6,7446701.167,12925764.73,10641935.37,7927055,,
citric acid,11701848.03,15729564.83,8512734.233,5476487,5884918.167,9709946.167,11955685.83,11338462.1,13371422.27,33466332.7,34086261.2,,
D-erythritol,3045133.7,2901027.867,2604816.133,4055618.9,6701852.233,4024178.9,7652981.167,9151977.433,7831519.667,9970909.767,17776254.83,,
D-gluconic acid,92436.83333,1204003.967,84011.66667,636001.9333,583572.2,739835.2333,352249.6,650251.7333,177456.1667,925365.4667,3817822.133,,
D-glucose,54139214.93,16133316.57,38370749.1,15370524.87,19684456.77,33871003.7,23359649.33,44296567.5,29051867.53,13413607.87,12315288.5,,
D-glucose-6-phosphate,227826.5333,189042.1667,109502,240898.9667,162319.9333,801249.5333,190286.8333,329378.1667,197102.8,76760.26667,201775.9667,,
D-malic acid,4258115.667,2202265.733,5934524.2,2250421,2752784.8,6083034.7,2410234.033,6319294.633,2675431.033,3534302.333,11188959.3,,
D-maltitol,57873813.2,75161954.73,43984880.97,36639061.73,60400956.17,55910992.1,75482082.37,55331773.53,72678062.03,29389201.3,38302165.57,,
D-mannitol,54951689.3,41568721.9,46721122.87,10722316.6,19690767.83,72478343.1,93071959.03,79808296.03,84095425.97,170368569.9,199338536.8,,
D-mannose,27203095.7,938958.2333,24585443.17,6558858.467,11320262.13,1963019.2,2926652.133,2475145.7,2213133.1,10079354.67,4865706.267,,
D-ribose,1731636.4,889966.6333,1743937.467,14022316.63,4771843.967,2201977.2,819940.2,2116828.5,642550.0333,1260316.833,2139945.233,,
D-ribose-5-phosphate,873534.7667,578654.1333,685277.9333,674219.8,886059.4,1053635.667,772759.5333,1166384.367,1366234.767,398013.4,485779.2333,,
D-sorbitol,107573.5667,424290.7333,90362.86667,828126.8333,956035.2667,528347.1667,409458.4,221942.5333,609764.3667,95649.7,102282.0333,,
D-threitol,1079650.667,2238312.6,1039632.4,1402789.2,1509433.9,1177465.333,1562298.167,1409917.833,1776919.133,570085.9667,1564240.833,,
D-xylose,152103.2667,104837.5,36308634.97,49143924.4,29339743,735012.8,257187.3667,128818.2,238485.3,187958.4,322664.2333,,
D-xylulose,0,0,0,412688.0333,760049.5,539478.1333,0,0,0,0,0,,
dehydroalanine,585841.3667,949843.5667,388848.1333,738300.1667,562144.9667,675860.2667,750607.3667,791358.3,1004221.733,582824.8333,1222139.4,,
ethanol amine*,3577066.633,5333063.867,2805682.467,10828206.03,3086093.367,12055530.8,3785193.767,8077988.133,3310958.067,5896875.5,8229098,,
fructose,9707671.533,5046033.667,8156729.967,1574376.567,5131489.733,8011807.333,12619999.83,17214656.1,9115467.267,20309916.1,21720147.9,,
fumaric acid,4725771.4,1749874.733,8248009.067,1016549.033,1732080.367,7002974.767,1852211.533,7231313.5,2404220.867,4467932.2,13724533.97,,
galactinol,13514333,9871708.167,11520722.17,61346069.17,46052325.53,33968199.57,16522450.3,22214568.83,16726730.33,1190637,5365597.6,,
galactonic acid,122920.0667,190892.1667,167991.9667,242025.5333,222919.9667,193093.2333,265064.8667,207933.4667,199168.4667,182797.7667,1332321.867,,
glyceric acid,228169.8,273579.7,252001.2667,584941.9,436136.9667,296451.7,163392.7333,365794.4667,129254.3,347370.7667,455553.7,,
glycerol,28273849.27,15034930.9,31577487.3,20062983.3,18410927.4,19231599.07,17617878.73,18978159.8,16181300.87,20901662.7,22451959.1,,
glycerol 3-phosphate,36450598.27,49333437.07,33390246.83,57023449.07,56850217.27,39386197.87,49718419.13,50344583,55708729.57,29945438.97,36351385.87,,
glycine,46789523.7,40776653.47,41041904.57,26829190.97,41037659.7,25020093.83,39141963.8,23697143.57,32041207.3,34387038.73,51410322.67,,
glycolic acid,1103566.867,1382566.467,1616264.7,4167060.633,2862163.533,1537382.6,1227616.033,1640808.267,828443.2333,1115822.4,1200365.3,,
hydroxylamine*,2545128.133,4433063.533,2143567.6,4125617.967,6732393.433,2930557.7,4242549.067,1558921.567,2540073.467,20893.13333,17289.46667,,
inosine,580680.0333,1541925.267,501239.5,2671790.167,2439105.267,1048858.933,1371912.1,1304972,2593631.167,842311.3667,758414.2333,,
inositol phosphate*,165128.6,201575.9667,158063.2333,1429233.467,1468758.967,219733.3667,338456.5,237895.0333,262780.6,88923.2,164101.5667,,
L-alanine,4160619.467,1751091.367,3689591.9,1335335.933,1809873.167,2384694.467,1696933.667,2313077.6,1923450.7,1046608.267,1742888.233,,
L-arabinose,565546.0333,714761.7667,697314.8667,8214807.167,4562744.8,1283549.067,170920.0667,39682143.8,280832.9333,423256.1,258300.4667,,
L-aspartic acid,306867.7,16491787.73,479026.4667,2093506.767,11568817.33,499004.6,15121220.7,1335629,14504028.43,1389805.3,2374873.233,,
L-glutamic acid,27789249.77,66886976.3,16314401.13,10182422.3,50315583.77,2508794.567,55146932.03,10251690.57,58472251.43,37570785.63,40398250.97,,
L-leucine,2782753.033,1024274.033,267252.9333,555490.8333,1248604.4,615144.1333,1080249.1,594747.6,1176209.467,168316.7667,221127,,
L-lysine,0,0,0,2091913.567,15633298.87,0,0,0,0,0,0,,
L-ornithine,1178498.133,46796963.8,249591.3,76452995.03,132159660.6,965379.9667,33160756.1,2005155.2,16354266.5,590610.9667,353665.4,,
L-phenylalanine,1542606.733,1636015.333,1483483.567,1959496.433,2293684.867,1071189.833,1205325.833,1072988.433,1684763.867,1738524,1476434.533,,
L-proline,3328762.8,3173472,1035788.133,2102405.4,3839943.033,1107450.767,3082996.4,1337710.4,2381250.367,291418.2333,523755.4667,,
L-pyroglutamic acid,36478502.33,53152617.47,27801925.5,19247145.1,29138114.73,60705907.7,53229626.1,43473867.07,51681535.37,44279607.1,65785197.37,,
L-serine,3188615.333,2410666.7,1398935.733,887137.6667,879589.2667,4396810.4,926814,1883470.267,809785.2667,547710.1333,1344869.867,,
L-threonine,15158979.03,10560366.07,10120839.13,1714729.567,4925418.2,3194622.233,5593553.6,3082897.333,7825300.5,1618441.367,3227502.367,,
L-tyrosine,8565443.2,8914720.533,6388926.233,8328549.7,9187849.833,3606781.067,11312151.07,4128261,11898251.87,5167122.167,4596139.133,,
L-valine,19928540.53,8328829.733,13469175.7,5552362.933,7691391.667,7092146.333,6925343.767,5231633.733,7527995.767,1626396.7,2802235.533,,
lactic acid,1756901.533,1310328.967,1437257.133,1812016.3,1448994.7,1495223.033,884388.1667,1607283.167,1887785.5,1044476.933,1519356.533,,
lactose,14951592.13,9121950.6,11359067.97,4248213.167,1942698.267,13619956.9,6018339.3,9621754.3,8558114.3,11915872.03,14380362.47,,
lactulose,2024929.933,2341159.633,2197286.7,893164.2333,1122050.7,1561527.3,1413036.433,981430.9333,3317977.933,1245208.067,1240418.2,,
malonic acid,0,0,0,0,0,0,0,145311.1333,0,343892.0333,2807309.333,,
mannose-6-phosphate*,1279867.867,889853.2,609231.6667,302747.9,509164.5667,4502312.3,815653.5333,1532044.767,930592.1,623046.4,1453259.1,,
melibiose,1392.733333,541872.9,0,1369087.367,1429990.3,292774.7333,819968.4667,378691.5,325909.1667,0,0,,
methyl phosphate*,5900103.4,9010622.333,5594580.8,16145306.27,7798469.767,17081899.97,11393024.47,14156810.07,9759090.967,1054884.4,682543.6667,,
methylcitiric acid*,5084452.733,194424.5,4876480.033,792609.6667,363045.6333,974893.4,18227.7,45003.33333,27441.73333,736584.9,837486.0667,,
myo-inositol,33227328.03,44031484.47,33794732.47,28149891.57,42424383.23,28209557.23,64358116.8,17311083.53,28887011.63,43792791.77,18277399.13,,
N-acetyl-D-mannosamine,531422.3667,681731.1667,798135.6333,2297810.733,1178978.7,1159099,471694.9333,1134566.967,672980.1,622288.5,983714.4667,,
N-acetyl-L-glutamic acid,369427.3333,0,80874.06667,0,0,0,0,0,0,98477.93333,692714.9667,,
oxalic acid,1137773.733,942114.7333,780543.4667,1215433.467,1608004.333,1013296.4,1076691.8,1214595.767,860410.8667,716429.4,947874.3667,,
palmitic acid,629758.6667,655371.2667,723049.8667,1139882.067,1033991.633,747910,649298.3667,613728.8667,682580.1333,455280.1,431296.5333,,
phosphate ion,3421488.9,5816746.267,3147175.133,7109036.033,5288340.7,4975509.733,7255569.967,5574517.867,6450813.7,1961565.8,2214445.967,,
phosphoenolpyruvic acid,1006015.1,2912212.7,714650.1333,2851232.333,4998408,772940.6667,2641915.633,1213757.733,2569803.367,1201471.933,642089.7,,
porphine,452209.8667,350328.7333,356996.1333,237985.0667,337975.6667,365686.1,351548.4333,413485.4667,437956.9667,708015.0333,534917.0667,,
pyrophosphate,108564.1,6709967.767,2182210.8,4409252.467,12712192.47,112299.9333,3395392.967,3385494.933,3926172.5,0,63733.2,,
pyruvic acid,192782.7333,107474.9,152651.6,70719.66667,144605.8667,126491.1667,64703.63333,128713.9333,95499.63333,79758.56667,127617.2333,,
ribitol,17871150.2,964141.8,26570753.6,77795271.53,57343865.1,92412877.5,2159962.167,69591646.43,1437001.733,51734417.57,50194085.13,,
ribonic acid,514387.8667,1548391.9,636572.5333,2197037.867,1457085.867,2299596.7,612033.2,2575319.933,1332070.3,173769.0333,238274.9,,
ribonic acid-gamma-lactone,0,0,0,0,0,0,611986.5667,822582.8667,1802348,0,0,,
sedopeptulose,2659095,3257166.4,2037863.633,5770603.6,5086478.767,4050519.233,4613620.767,3251371.067,3989659.7,442970.9,660609.8333,,
sedopeptulose 7-phosphate,1753672.133,1580689.9,955036.0667,3854680.4,3619127.667,3932409.833,1988817.5,2910435.767,2406619,1355090.133,2758925.4,,
stearic acid,691211.2333,734325.4667,610933.5333,630610.8333,787502.4667,727419.9,649274.5667,657203.3667,679426.6333,632905.6,713039.0333,,
succinic acid,16284298.7,2017770.6,14633562.13,18550799.9,15718251.87,12784880.63,10197330.93,13105116.2,10184937.4,14319649.53,19518642.7,,
threose,12237.5,8197.833333,173617.3333,871214.0333,420802.3333,10977.43333,5855.533333,391783.2333,126042.1,3896.566667,23245.13333,,
trehalose,208230455.4,242650026,192078415.4,231195179.7,257336679.8,190776120.2,252786480.6,208559825.3,239848474.1,164085776.3,172953536.6,,
uracil,6248695,2622551.3,4367596.467,6178583.467,6338567.833,4617594.133,5194772.133,2457836.067,4251212.267,3246806.367,4073874.4,,
urea,569905.8667,5560054.7,144929.8,15877567.17,52974197.93,8392519.033,14617826.8,189169.3333,5818635.767,2238484,209959.3667,,
uridine,1201757.5,1463480.9,939279.2333,2355352.6,1849094,2086175,2015613,2553446.167,1381034.5,239164.1,236651.4667,,
xylitol,2717117.1,575658.6667,89945452.8,110973772.1,63752921.97,15502648.87,769355.5667,56701346.1,544269.9333,3502490.3,2289229.3,,
xylonic acid*,3291218.933,1207143.167,1237775.333,7454753.767,5557410.933,45563604.37,21238297.1,10782454.77,3992999.133,467412.4667,619591.9,,
Unknown 001,1184180.8,367927.3667,908630.2333,828121.0333,1515042.733,973079.9,351348.4667,865627.3,266502,551622.5,200552.6333,,
Unknown 002,1192066.667,1293598.367,1403605.133,1302726.3,1557725.967,1269850.867,1503483.767,1154383.967,1457904.733,346873.4667,429931.4667,,
Unknown 003,1909791.067,390225.2667,1165053.267,1862905.5,819509.2333,899735.1667,353358.0333,2569989.333,259837.7,25555.66667,16980.16667,,
Unknown 004,37726.53333,58954.2,72723,32090.13333,63918.56667,44744.76667,74170.23333,47510.06667,53246.23333,55639,51821.23333,,
Unknown 005,453127.3,449830.5333,433248.6667,363933.8667,368071.7333,383525.1667,350157.8333,328990.6667,415783.4,224833.5333,270792.5667,,
Unknown 006,700087.3,784690.0667,752835.5667,795967.0667,949060.5,894817.1333,692395,901010.8667,667986.5667,929308.2333,1182085.2,,
Unknown 007,416802.3,261554.5,424070.4,381348.2333,2338879.4,397852.6,790647.4667,464040.6,302701.8667,178888.9333,380127.5333,,
Unknown 008,2498096,1841173.4,378518.5,2178579.233,1186355.267,2101759.5,1033284.233,1580249.9,2605404.8,377342,338167.0667,,
Unknown 009,519085.9667,755910.3667,467779.6,297260.3,220799.1,283875.9333,690801.7667,701550.9667,783305.9,1043070.4,358977.9333,,
Unknown 010,314016.6333,519019.3333,203158.5333,277977.8667,934428.6333,235944.3667,500086.4333,223146.3667,524523.7,498352.3333,825098.0333,,
Unknown 011,383248.6667,266625.9,352263.4,286367.6333,752854.5333,119797.3667,89144.7,628607.5,254725.6667,502765.7,584583.4,,
Unknown 012,573698.1333,388004.7667,223823.6,194453.8,239635.6,229858.0333,175610.2667,178634.4,61989.7,548987.0667,311994.3,,
Unknown 013,289848.5667,233963.5333,214742.7,472649.3,556826.0667,275275.8,571318.8333,613988.3,589400.5333,191551.6333,132558.6333,,
Unknown 014,165297.4333,57745,129050.6667,132267.0333,212901.6,123402.4333,137925.4667,141233.3333,81574.1,93527.73333,71897.1,,
Unknown 015,440771.7333,116267.6,358362.0667,209036.4667,127349.3333,195780,360148.3667,250274.5,109073.9333,153815.0667,143928.8667,,
Unknown 016,159029.5333,408076.3667,178618.7667,1670016.067,3221695.133,262985.5,279551.8333,229728.9,421963.6333,139259.1667,157255.5,,
Unknown 017,159031.3667,284662.5667,176683.8333,135067.5333,400888.7333,170689.6,246331.2333,218840.3,467971.0667,140905.7667,141808.4333,,
Unknown 018,164385.8333,260798.1667,216336.6333,584181.1667,492590.1333,313068.4,334907.6333,189321.9,251531.7667,138649.9,120080.3333,,
Unknown 019,162326.7333,231314.7667,180190.2,147386.6667,55542.76667,147792.5,532402.9667,80350.43333,566468.3,20931.96667,69765.53333,,
Unknown 020,622434.4,91363.96667,247302.5667,1346220.367,511635.1667,415202.7,45352,735896.2667,1932472.333,53578.66667,38379.73333,,
Unknown 021,471258.7667,1207009.2,332093.0667,535952.1667,1469427.433,392724.2,1040936.7,200332.7333,1231347,332118.9,96842.43333,,
Unknown 022,313775.5333,208961.6667,161481.6667,359167.4,186641.1333,498502.8333,190749.1,221302.8,260399.5333,338763.6333,833855.2667,,
Unknown 023,8896106.167,12010464.1,10966321.07,17739536.87,8591702.6,15240053.23,11638761.17,16173896.43,11624763.07,8491393.567,12460429.2,,
Unknown 024,1964309.1,857541.4333,456733.4667,1667967.6,1005412.6,573664.3,884864.1333,233527.2667,780595.0667,31862.66667,613502.7333,,
Unknown 025,523513.1333,510264.9667,703549.4667,919013.4333,365336.4667,709064.4333,180305.7667,1173635.567,145370.2667,246929.0333,228848.4333,,
Unknown 026,200963.0333,265205.5333,80472.43333,807743.5333,722444.3667,455318.3667,77596.76667,1433031.533,131270.5667,291493.2333,345284.3667,,
Unknown 027,71103.2,186985.6667,69913.5,226551.8333,373224.9667,101385,202405.5667,286473.4667,126877.2333,59376.1,51899.7,,
Unknown 028,1030543.067,618830.2,1371226.833,2146666.233,82901.3,841281.5,909526.8667,1151586.467,1207546.567,1653084.767,1292493.9,,
Unknown 029,61646.43333,121377.3,85545.96667,233288.7,189338.5333,133493.9667,93803.8,145972.4,63549.83333,96216.06667,163467.2,,
Unknown 030,0,0,333681.0333,1312768.733,0,64294.33333,0,350102.2,0,0,0,,
Unknown 031,717047.7667,0,578115.2333,31700.6,0,227702.2333,0,0,0,0,0,,
Unknown 032,62053.76667,242181.0333,233713.1667,1840307.633,1677442.233,4928881.2,7355319.533,820266.1667,1189098.833,152452.4667,466678.7,,
Unknown 033,120983.2667,287959.1667,101918.2667,191265.5,499321.8,424382.9667,218867.5667,55129.56667,0,258201.1333,255031.5,,
Unknown 034,0,0,0,0,0,140439.3667,0,858486.0667,482243.7333,0,0,,
Unknown 035,498427.7333,191589,291326.0667,192541.3667,165560.2667,188965.5333,92539.1,151928.9333,154777.4667,173242.8,177267.3,,
Unknown 036,304863.6667,180942.0333,1877886.867,1330034.633,903130.3333,1720149.7,2766353.133,966205.8333,468773.4,110842.5667,131267.1,,
Unknown 037,2557397.667,1930684,2891207.8,4225525.1,4310752.933,5881871.2,1841721.333,3026914.767,769196.2667,628920,1493087.7,,
Unknown 038,2885626,2106515.333,2266262,3708026.633,4706351.333,5851769.567,1923543.733,3791867.8,1744117.333,487824.2333,659836.2333,,
Unknown 039,376581.6667,992361.9,722018.5333,1511938.833,1236018.667,1374429.933,797541.1,2175478.233,403206.0667,196815,245018.3333,,
Unknown 040,87194.53333,161961.0667,80700.66667,180173.4333,144116.7333,218702.8,215477.8667,116764.1,169672.4333,125147.2333,133658.9667,,
Unknown 041,953410.8,1893482.067,1358496.4,890980.7667,1023741.433,843072,1938772.567,503081.6333,1794377.833,135369.3667,301806.5,,
Unknown 042,28829405.2,86104068.83,20339752.97,75059227,110074450.4,34465383.2,88983496.13,36787829.03,79240502.9,1651582.367,2303199.333,,
Unknown 043,0,0,0,0,0,0,0,0,0,187964.7,482469.8,,
Unknown 044,720208.2,443307.8333,616097.4,497960.8,301797.8667,1006495,377932.8,155796.1,192002.1333,302062.3333,211590.7333,,
Unknown 045,54220.73333,529571.3667,145071.5667,387142.7667,453508,162227,1450731.633,1326640.533,988898.4,90012.2,45156.96667,,
Unknown 046,1763012.6,1983083.533,1472809.433,1733041.967,2240358.367,1309370.633,1438435.167,1296872.667,1561936,853624.1333,1351129.267,,
Unknown 047,1055089.4,1126636.367,963674.9333,1643163.8,1462559.867,936269.9333,1237181.133,946498.4667,1184829.367,994113.6,1555909.1,,
Unknown 048,8535693.2,65095407.47,6542918.833,83911220.23,108867891.2,26843119.47,54837941.7,16066593.47,32757074.9,29363.3,54491.86667,,
Unknown 049,241351.5667,252758.1667,116160.8,537705.0333,731965.4333,248809.2667,406350.1,97612.73333,134315.8333,101747.2,141959.2667,,
Unknown 050,294492.2667,224473.7,207724.4667,747570.6,1439718.233,333913.8667,894228.8333,1049520.1,533896.8667,132712.9667,189181.1333,,
Unknown 051,346117.9333,367062.6667,206456.9667,1825375.5,1176463.567,2421945.133,688181.4333,386189.6,439610.9667,524458.8333,1057522.233,,
Unknown 052,1989481.067,2028442.833,899971.8667,463950.9,411982.5333,919018,3071517.233,1032453.133,2208286.733,2725875.933,3088313.333,,
Unknown 053,1682461.467,1950313,1125407.733,3813339.267,3375879.467,2602831.167,2908570.833,2119046.567,2494713.333,2220809.933,2351205,,
Unknown 054,75921.43333,135261.6,103431.6667,174125.4,131006.6,195183.7667,111771.7,185943.7,101614.7,222316,553667.1333,,
Unknown 055,644497.5333,843997.1333,587748.8,990730.1333,1240844,370799.3,479332.6333,672180.1667,653466.5333,581969,1038378.133,,
Unknown 056,957372.5,1168901.933,1195804.967,1129977.667,1061384.933,1131345.467,1346544.467,1169172.533,1083072.1,1446662.133,1782421.7,,
Unknown 057,555970.6667,603636.2667,1236726.467,1819562,847245.3667,679602.2333,613326.7667,829202.0333,604929.9667,1609978.4,4730476.3,,
Unknown 058,308311.1,2705057.5,183061.6333,1929889.533,1638659.767,1873178.267,975984.3667,1782697.1,604157.5667,543624.4667,613833.6667,,
Unknown 059,196588.7333,357775.8,231011.3667,691557.5,1041707.267,253852.8,623715.8,511315.3,773648,202705.8667,330017.5333,,
Unknown 060,0,0,0,0,0,663634.3333,1336089.6,0,0,0,0,,
Unknown 061,0,0,470980.2333,1228732.733,665244.9667,0,0,0,0,0,0,,
Unknown 062,250367.5333,2648359.3,223449.9667,5141304.433,6753712.5,744511.1333,1529445.133,467425.9,935221.3667,4517.733333,89570.4,,
Unknown 063,7850.366667,0,635519.4333,1329862.033,324199.4667,2942.5,0,325583.7667,0,0,0,,
Unknown 064,347617.1333,426993.8333,331721.2333,1265474.433,3042850.3,1509684.367,861263.1333,1842709.533,938669.9333,264872.1,201954.1,,
Unknown 065,66499.06667,89601.83333,148194.0333,871692.8333,2068321.767,2643633.733,6090565.333,189531.9667,519526.0333,54474.7,31419.06667,,
Unknown 066,344197.0667,226865.7,419783.2333,1339344.467,2058512.233,4634127.933,5019394.967,15298258.07,3616190.367,283603.5333,948015.1667,,
Unknown 067,504048.4667,209161.4333,362473.7667,487418.4667,501950.2,3302553.933,2069711.7,13081029.3,3058370.567,224290.5667,603595.9,,
Unknown 068,559783.9667,614593.9667,743285.4,1213093.933,1156039.3,543577.6333,468560.1,539107.8,544897.5333,607704.6,698197.4667,,
Unknown 069,273002.9667,107133.3667,270453.7333,385828.1,624104.3667,1430792.067,489030.6667,1597725.167,637651.2667,182725.6333,158971.0333,,
Unknown 070,604763.3667,1024675.333,2845188.533,1579869.3,1556562.333,1186762.8,809846.5,1224514.3,734256.1667,291423.5333,590695.9667,,
Unknown 071,359699.5667,578716.4667,647436.2,1875187.367,1382590.533,407521.4667,787637.4667,667470.5333,571452.2,551263.5333,1240280.767,,
Unknown 072,619450.2333,1112004.933,3086014.9,3245767.467,4212594.3,5261983.467,14941881.03,52421113.17,52851518.03,593041.0333,1000163.667,,
Unknown 073,184496.6,218168.2333,3882831,31331518.23,39399711.6,32010264.87,20690970.37,2965004.633,2743342.6,15047.03333,110502,,
Unknown 074,166666.9,169906.3667,249345.8333,3151340.1,835067.4,296373.8,216233.9667,188721.5333,163490.7333,4319.633333,55185.26667,,
Unknown 075,370048.4667,379592.3333,620748.8333,9150128.7,2164637.233,646048.2667,471967.6667,385118.8333,366181.8,68412.9,65702.33333,,
Unknown 076,0,0,0,2205913.633,1191939.867,0,0,0,0,0,0,,
Unknown 077,1833932.333,1133548.9,1855405.933,1312672.733,2615340.8,2191988.733,1664417.4,2158346.1,1075187.333,379563.3667,589295.8333,,
Unknown 078,298477,304351.1667,145171.4,1265692.433,1679063.767,637423.3667,499461.7333,304624.6,373788.2,63269.33333,495743.9667,,
Unknown 079,0,0,0,414340.7667,216764.4667,0,0,161857.2667,0,0,0,,
Unknown 080,0,0,0,873983.9667,293114.2,0,0,0,0,0,0,,
Unknown 081,4119954.933,2700217.1,3972992.767,8508760.033,10906042.57,4723057.667,5808615.933,6962349.8,5352773.4,1057078.8,2587443.9,,
Unknown 082,1086914.233,997655.2,1059160.133,2792101.833,1837835.3,2271025.2,1734835.867,1352827.067,1201908.033,140590.5,322681.5333,,
Unknown 083,0,0,0,1016347.567,957001.9333,0,0,0,0,0,0,,
Unknown 084,1523581.533,1918194.9,1184596.933,826845.3333,470584.6667,565016.8667,336031.4,484552.6333,1756310.233,274963.1333,213920.7,,
Unknown 085,23010.5,49777.13333,14084.33333,323266.5333,401420.8,311391.6667,551156.1,144908.2667,112833.8,3039.266667,0,,
Unknown 086,357887.7,400320,275628.8,923790.9667,1047231.4,1271163.4,1004855.833,748587.5667,458095,30669.73333,52431.56667,,
Unknown 087,267591.9667,353218.4,236832.5,1227268.467,1386336.5,1048974.233,1244543.6,590831.5,274543.8667,0,112333.6,,
Unknown 088,470534.6667,269014.7,355802.7667,1135227.6,1477298.4,1212232.567,444469.6,1190390.7,477027.7667,162370.2667,347217.0667,,
Unknown 089,47705.73333,97040.86667,42159.16667,976479.9333,1178361.6,1334099.6,1339506.667,1508016.133,1404800.533,22865.23333,72622.5,,
Unknown 090,382791.1667,476251.5667,553079.8333,1595239.933,1449465.533,1349557.267,1311270.567,1178436.433,665736.2333,500384.3,441590,,
Unknown 091,510710.9,856104.9667,624599.5,3704618.733,4064910.867,2260708.567,3455090.633,3725005.467,4306868.933,279160.2333,470497.2,,
Unknown 092,34105.6,94720.13333,64240.26667,946202.6,892313.7333,236656.4,710268.8667,1101852.2,719891.8,16380.96667,41786,,
Unknown 093,223506.4,246607.0667,363326.0667,2443746.067,2233856.3,1546001.3,3157658.133,434695.9667,201857.5,68851.33333,238732.8333,,
Unknown 094,1849174.3,1640418.1,1126173.8,2623275.467,2426226.433,3344364.2,1792290.367,2934833.9,2806938.167,1772486.033,3598100.533,,
Unknown 095,0,0,0,2671790.167,2439105.267,0,0,0,58863.1,0,0,,
Unknown 096,1884006.333,1546635.133,1177896.333,1437005.8,1049212.733,2835124.733,1174553.8,1853311.2,1913436.667,1428200.7,3117702.1,,
Unknown 097,54105944.27,64836044.63,39040356.03,23749283.07,43018458.5,47606609.23,60564251.77,48586501.57,70327145.53,39324105.73,42650382.33,,
Unknown 098,895465.8,1205983.533,2143224.5,8235619.567,7367476.467,3064698.233,2933856.667,3784374.933,1605117.567,640472.5667,2244982.967,,
Unknown 099,0,481946.7,2372061.833,8970350.8,8029556.3,0,0,0,0,0,0,,
Unknown 100,1126602.9,1015300.1,1695524.367,7449651.967,6402038.9,1824375.333,3220598.8,3199380.233,2156160.733,778879.5667,2151828.4,,
Unknown 101,219997.8667,44283.7,242275.2,22074284.93,16797381,769168.9333,522087.8333,690831.7667,478071.7333,210918.0667,350698.4,,
Unknown 102,7025.7,0,81477.86667,518681.1,276243.8333,437173.2,183421.1333,442989.6333,131020.9333,53517.33333,95273.8,,
Unknown 103,402403.1333,331526.3333,509150.0667,9636236.1,7261708.2,3018658.3,866740.8667,1048874.267,902221.2,294434.0333,609252.7667,,
Unknown 104,1162887.8,1309236.5,744214.2667,215469.3333,650798.8667,1534451,2050291.067,1556118.967,1927895.367,155409.2667,208092.6,,
Unknown 105,2089075.2,1601519.7,2024996.733,3869720.133,2493907.867,5928918.267,4894681.167,3276694.5,2997639.933,191957.9667,586008.3667,,
Unknown 106,1254522.8,387253.3,1275224.8,4263476.5,2196643.533,2128374.7,1440063.233,1784827.667,1209241.9,59723.06667,469689.2333,,
Unknown 107,1710372.233,2204654.9,1823343.967,6321189.733,3549095.5,2171815.7,1263854.033,2614725.567,1053610.267,0,117018.4667,,
Unknown 108,571080.6667,199920.3,1042210.867,3638248.567,1744738.433,1192746,208643.8,1644385.9,660284.7333,62209.13333,272397.2,,
Unknown 109,2205,91873.5,127742.3,2670398.267,1731825.533,347448.8,238115.9667,637629.8333,212445.8667,0,83310.1,,
Unknown 110,805295.1667,441058.4667,741678.7333,1416456.833,1022254.767,1545009.8,528994.9333,872138.4333,492141.0667,0,92801.83333,,